,confidence,epsilon_low,epsilon_high
0,0.9,0,0.19104988858277605
1,0.95,0,0.23551188427796815
2,0.99,0,0.32618653739722686
