,confidence,epsilon_low,epsilon_high
0,0.9,0,0.13921236347534455
1,0.95,0,0.1644523679381515
2,0.99,0,0.217549574234098
