,confidence,epsilon_low,epsilon_high
0,0.9,0,0.187666510157344
1,0.95,0,0.21333155536818615
2,0.99,0,0.26759024168547124
