,confidence,epsilon_low,epsilon_high
0,0.9,0,0.0819750989803038
1,0.95,0,0.09737836965941958
2,0.99,0,0.13314365660203012
